id,name
2231,Brooklyn Richard
36,Vincent Narbot
5,Caraline Trotter
6,Jess Bernstein
8,Joel Vinas
9,Amy McMenamin
11,Julie Siler
12,Vikas Bhatia
13,Mitchell Friedman
16,Paul Graham
18,AJ Wilson
19,Jessica Suarez
20,Alan Melling
21,Samuel Bohler
23,Andrew McColloch
24,Winfred Nadeau
596,Zoe Clermont
717,Darin DuBois
1710,حسن أحمد
2668,Michael
2237,Marie Fonseca Dancel
28,Emily Polk
29,Steve Blutstein
32,Michael Flanigan
33,Casey Morris
35,Danielle Windle
37,Tom McAllister
38,Meggie Upchurch
39,Brian Danin
40,Maria Joyner
42,Jared Adams
43,Johnson Cook
44,Caitlin McColloch
45,Whitnee Hamby
47,Richard Lowe
48,David Rentschler
49,Daniel Hammond
50,John Redmond
597,Joyce Boykin
603,Janessa Scharpe
604,Josh Sainz
2242,Natasha Young
53,Zachary Smith
57,ObeyMarie Stanfield
58,Joe Lezard
59,Michael Powell
60,Jessica Kidd
62,Jacob Grant
63,Brandon Parsons
64,Scott Ryfun
65,Jimmy Patel
67,Jennifer Karlsson
68,Nancy Myers
69,Marcus Bellamy
70,Nathan Terrill
71,BoyandNandette Huab
73,Angel B Calderon
84,Edward Sharp
88,Tracy Murray
719,Gary Upchurch
1193,Mia Yelich
2247,Sande Stroud
77,Matt Lofquist
79,Jeremy Love
80,Dakota Flaherty
81,عبدالرحمن الحمادي
82,Taylor Shumigalski
83,Camila Retana
86,Kim Lutz
87,Julia Carpentier
89,Jessica Taylor
91,Paul Vixie
94,Claudia Janssen
95,Linnia Turner
96,Stacey Kaye
97,Jana Bock
99,Codi Lane
101,Ashley Carpenter
105,Cattitta Contreras
106,Adriana Gonzalez
720,Savannah Grubbs
1194,Larry Vessels
2438,Tobias Simmons
103,Pankaj Sethi
104,Kimmy Isaacs
108,Nicolette Paloca
109,Yamila Ira
111,Elizabeth Padilla
112,Sean Garrett
113,Ferdinand Wagner
114,Steve Folger
116,Bibi Zafura
117,Karo Biersack
118,Jackie Garcia
119,Javier Mcneil
121,Nesquik Bunnies Btq
122,Decorian Thomas
123,Amy Johnson
124,Alyssa Cross
130,Azlan Hussain
135,Clarita Macias
137,Fernando Macias
138,Paula Alexander Miller
2253,Lexy Neal
126,Tonya Adams
127,Jacqueline Gay
128,David Bojorquez
132,Charity Wireman
133,Young Cj
134,Mikayla Irwin
136,Dorcie Love
140,Imogene Byrd
141,Kathy Duncan
142,Kathy Castro
144,Luis Calderon
145,Jay StCloud
146,Sharyn Pinson
147,Luis Alvarez
150,Julie Park
152,Scott Lutz
156,Tj Lymuel
160,Helen Pilling
163,Jala Johnson
149,Audrey Pioch
153,Dempsey Tanque
154,Goku Dorsey
157,Melinda Ramos
158,Val Johnson
159,Preety Ricky
161,Michael D. Johnson
162,David Rakotz
165,Jacquez Cray
166,Steven Grate
167,Andy Records
168,Turtle Shearer
169,Kathy Odar
171,Kristty Cruz
172,Katrina Earles
173,Melanie Massaro
179,Jaqueline Lobatos Zazueta
184,Jessica Diaz
186,Hamda Omar
721,Timothy Crouch Jr.
2259,Paige Doss
175,Jim Zaharako
176,Eber Ramos
180,Jiyion Shytavis Mattison
181,Ashlee Madison
182,Ernesto Lerma
185,Amber Raley
187,Penny Davis
188,Brandon Snyder
189,Aliquah Cobb
190,Gabe Freday
192,Nikita Slocombe
193,Arthur Tubbs
194,Cody Franklin
195,Chelcey Murphy
198,Suheily M. Perez
199,Jorge Hernandez
200,Pasquale Ruggiero
205,Amanda Strange
206,Melissa Bardwell
605,Crystal Bell
2396,Sandra Moore
202,Janine Parker
204,Jaime Pike
207,Sasha Daniels
208,James Walker
209,Rachel Swager
210,Shirley Graves
213,Beth Hollows
214,Stephen Bush
215,Joaquin A. Tizcareno
216,Nate Thomson
218,Cheryl Martin
221,David McCallum
222,Stacey Jones
224,Terry Wilder
606,Jenny De Milo
607,Laura Martinez
608,Priscila Cardenas Medrano
722,Shawn Zak
723,Elijah Moss
2266,Megan Martin
220,Kristi Finnie
225,Betsy Redmond
226,Sara Carolina
228,Meghan Thadani
229,Janet Lacy Payne
230,Thomas M. Human Jr.
231,Sarah Wright
233,Phoebe Morris
234,Darva Whitehead
236,Evelyn Flores
239,Bernard Black
243,Charlie Ballard
246,Isaiah Washington
253,Austin Bennett
254,Cheryl Brooks-Rosebrock
255,Manny Sotelo
610,Javier Arce
643,Allen Bailey
644,Alisha Thomason Fabela
2272,Ny'asia McNeil
237,Sharon Ross
241,Dorothy Mcdowell
242,Krystan Whaley
244,Chanell Brent
245,Ashon Allan
248,Sara Chisum
249,Dorthy Lyski
250,Jonathan Fobes Jr.
252,John Igaz
257,Marley Washington
258,Megan W.
261,Debbie Vanpatten
262,Shashikala Nagaraj
264,Harleigh Glover
265,Alex Olmo
266,Ricardo Ortega
267,Alejandra M. Castellano
321,Candy Capo
1196,Tyler Bloomfield
2439,Rick Sharp
268,Jennifer Garcia
269,Joyce Lord
271,Natasha Washington
272,Edward Richardson
273,Bruce Pauly
274,Darria Buchanan
275,Michael Bittner
277,Stephanie Lamon
278,Rolando Herrera
279,Dede Hill
280,Albert Pena
282,Harley Baker
284,Prince  Arjuna Alvarez
285,Roger Kaikko
286,Angelica Ryhun
290,Sam Clark
322,Jay Tern
323,Jane Champion
324,LaDonna Trotter
1098,David Mayo
288,Ivan RuElas CoRtez
292,Ntimpa Omega
293,Lisa Trail
294,Aliyah Hernandez
295,Rae Nora
297,Anquilla Russell
298,Yolanda Mendoza
299,Scott Cuno
300,Gloria Intogna
302,Bob Bobberman
303,Melissa Cain
304,Jaquan Nelson
305,Luz Perez
308,Kali Powell
310,Mike Bartle
317,Antoinette James
598,Frank Rubinger
639,Stacy Thomas
653,Mary Dollison
1197,Kelvin Liz
309,Sarah Barreto
312,Ashley Stone
313,Caretha Jacobs
314,Anphrenee Ward
315,Rhonda Dunlap
318,Evangelia Savopoulos
319,Debby Cohen
320,Daesean King
325,Willis Farley
326,Vivian Schloendorn
328,John Marlow
329,Kara Howell
330,Open User
332,Morgan Berry
333,Mary Young
334,Christina DeRich
336,Carter Reimers
601,James Tilley
663,Kathy Jones
664,Joshua Hays
665,Alvaro Contreras
338,George Keller
339,Alexis Benitez
340,Aaron Lewis
341,Edward Weinstein
343,Melody Emery
344,Freida Armstrong
345,Dana Feeney
346,Fred Schall Jr.
348,Raudel Rodriguez
349,Chit Tun
350,Brandon CaptianSmiley
351,Anthony Whiteman Jr.
352,Courtney Holland
354,Stephen Spires
355,SouthernLife Jordan
357,Luh' Bree
365,Melissa Cook
366,Michelle Hyatt
640,Louise Swanson
1198,Carolyn Miller
2279,Niel Chamberlin
360,Arlene Mercado
361,Trevor Fullen
362,Theresa Campbell
363,Deon Avery
364,Jedwifer RoDriguez
368,Taylor Braswell
370,Courtney Harrison
371,Mariano Santor
372,Kailynne Besser
374,Deanna Bradshaw
375,Joseph Marini
376,Jennifer Lisee
378,Travis Taylor
379,Deborah Ward
380,Sonia Johnson
383,Louwana Stewart
602,Savenna Sommerville
612,Velma Rodriguez
957,Isabella Hernandez
1108,Sandra McMahon
2666,Caren McAleer
2281,Kenya Mahan
382,Carl Martin Sr.
386,Leslie Nicholes
387,Holly Naim
388,Patrick Urias
390,Carla Martin
392,Michelle Hart
394,Joyce Bereczky
395,Julie Garcia
396,Makina Gabehart
399,Larry Pace
401,Sada Kshirsagar
403,Ramona Martinez
405,Tammy Babcock
613,Debra Crabtree
614,Kayla Acton
621,Patricia Stowe Ballard
622,Joann Leon
632,قرم ال قرمن
633,Doris McGee
1921,Robert Ramirez
2286,Kyriq Mcbride
397,Chad Lindberg
402,Ester Clem
404,Khaliph Shabazz
407,Rose Bellator
408,Edgar Barrios
409,Bill Bernett
412,Geovony Roby
413,John Fayiah
414,Tyler Alan
416,Patricia Kotcher Coombs
417,Katelynn Curran
418,Samuel Davis
419,Tim Roberts
420,Mercedes Rg
423,Sophia Armenta
424,Ruth Pastor
425,Robert Johnson
429,Mary Lassa
433,Federico Ceja
434,Matias Fichman
615,Kim Nelson
422,Thomas Waiters
427,Cassandra Witt
430,Carlos Aguilar
431,Charles Rakestraw
435,Gillian Viars
438,Antonio Oliveros
439,LeiLa GrosecLose
440,David Crosslin
441,Barb Wertman
442,Jason Bergeron
444,Misty Chamberlain
445,Tinna Smith
446,Kayla Miller
447,Nanette Hart-Yelder
449,Destany Ann
450,LaKeisha Chestnut
452,Becky Lee
455,Joshua Hall
617,Jose Carlos Amezcua Ruiz
675,Richard Frederick
1200,Philbert Riley
451,Craig Laning
453,Kimberly Smith-Hosler
454,Ryan Gunnerson
456,Betty Miller
458,Sentreya Wallace
459,Eddie Rivera
460,Claire Raquel
461,Erin Carter
463,Stephanie Love
464,James Pratt
465,Kristina Juliano
467,Emma Marrie Weigelt
468,Betty Ricesky
469,RimosSe SalvAtore
470,Higuchi Shiguré
471,Carol Hall
473,Dana Nicole Sherron
474,Orlando Martinez
475,Jerry Feltner
685,Brittani Grove
687,Toseef Mustafa
2292,Niania Carroll
2619,Proud Whale
2620,Useful Ray
477,James Tracy
478,Bobbie Harbst
479,Erika Grant
480,Mary Anderson
483,Cj Merkl
484,Samantha Mecredy
485,Leah Phelps
486,Cheryl Hicks
488,Brian Mullen
489,Debbie Vanfleet
490,Paul Hardy
491,William Donovan
493,Scott Hall
494,John Reppert
495,Savannah Talbert
496,Sherry Torgerson
498,Angel Meza
499,Matthew Henry-mcgaffick
618,Briana Burciaga-Robles
619,Carol Horan
2297,Ladin Baykara
500,Shannon Cothran Blankenship
501,Adam Carson
502,Renee James
503,Tony Kutheis
505,Cherrish Bailes
506,Eric Dixon
508,Arifin Rahat
509,Charles Grigsby
511,Aaron Krawczyk
512,Brittney Grilli
513,Mary Saladine
514,Jey Spectro Wezzy
516,Laura Ilkenhans
517,Linda Armstrong
518,Gemma Gutierrez
519,Pamela Hall-Begner
521,Zeth Nonya
522,Annie Russell
523,Mabely Gonzalez Pedraza
1922,Preda Regina Si Ileana
2302,Milolo Angele
2671,Tacky Oyster
525,Christopher Candy
527,Litee Skin
528,Jose Miguel Lagunes Figueroa
529,Emily Reyes
531,Michael Smith
532,Pamela Spruill
533,Ronny Duffy
534,Iveet Gonzalez
536,Christy Pylant Wilson
537,Kristen Cowan
538,Linaya Stephens
539,Margy Summerfield
541,Kijuan Patrick
542,Connie Bauknight
543,Antony Harris
545,Samuel Eisenman
546,Tracy Taylor
595,Lisa McClain
725,Bernard Schroth
726,Allen Chaplin
547,Lori Mass
550,John Ray Tembrevilla
551,Norman Yen
552,Christine Billy
553,Jennifer Bonilla
554,Tammy Smith
555,Larry Chesal
557,Anitha Meher
558,Angela Abreu
559,Theresa Hetrick
561,Alexis Pinder
562,Mohamed America
563,Jordan Calvin
564,Heather Martin
566,Alizae Ybanez
567,Terrence Moore
569,Julio Tapia
570,Elaine Pleasant
728,Autumn Edwards
1128,Shawna Farmer
1142,Sheila Eriksen
2306,Betty Powell
568,Jessica Painter
571,Adam Mitchell
572,TC Emre Duran
573,Plair Suwanvithaya
574,Bossladii Williams
576,Amy Williams
577,Victor Hugo Lopez Sierra
579,Antwane Mccalebb
581,IqRa KhAn
582,Jason Richard
583,Shondelle Jones
584,Charles Hansen
586,Rebecca Whetstone
587,Kiara Drew
588,Victoria Cordeiro
589,Danul Patterson
590,Melissa Baker
592,Cierra Deutsch
642,Kathryn Mcwaters
958,Zevin Long
2309,Nicole Pappadakis
594,Misty Shrell
634,Akio James
635,Jody Childs
959,Kalimae Gulliksen
1005,Dylan Loaf
1007,John Smithman
1008,Jason Reed
1010,Dhushenraj Vijay
1011,Ethan Mitchell
1012,Tonga Fox
1013,Aslinn Whitemon
1014,Kayla Dollar
1038,Jolyne Milstead
1048,Jim Trabold Trabold
1049,Maya DeSantis
1050,Dave Baack
1051,Leslie Benzion
1203,Ahmad Gusemalseed
724,Kristen Bizzarro
729,Wreckless Rios
731,Rachel S
732,Nikhilesh P
733,Hollie Brackin
734,Amber Martell
736,Ivett Gomez
737,Ben Jeter
738,Andrew Fierro
740,Amber Koontz
741,Irene Hawthorne
742,Jo Spencer
743,RockingChair Smith
745,Teresa Barlow
747,Brett Reed
748,Karla Hernandez
749,Ashley Strother
1006,Guy Tillis
1165,Bill Cooper
1204,Jonathan Sparks
1925,Isaac Rodela
624,Ali Chi
626,Heidi Watson
627,Pam Carpenter
628,Mauricio Zavala
629,Cindy Perry
751,Julio Chisholm
752,Amanda Adams
753,Alexus Dewhart
754,Charlene Fellows
961,Makaila Lopez
962,Ed McDermott
963,Makhtar Sow
965,Elena Svediuc
966,Mike Pendergrass
967,James Scott
968,James Flanery
1178,Penny BeauchesneHansen
1179,NK Vaitu
1205,Zyina Chic
1206,Andy King
2440,Ella Walker
636,Katy Brown
645,Erick Ramirez
647,Ashley Servin
755,Bloom Longbottom
756,Raj Beri
761,Pamela Quintana
762,Sheriann Wimmer
764,Latara Williams
765,Tracie Love Miller
766,Anirud Billa
768,Demetruis Johnson
769,Tyler Schohn
770,Laura Bishop
771,Zach Bischoff
773,Carolyn Duncan
774,Philip Tapper
775,Dani Saltarelli
776,Lynn Brower
778,Christian Corbin
1189,Jamia Montague
1190,Starlett Hardman
2315,Isabella Haluka
646,Shelby Swanberg
648,Brandy Creecy
649,Victoria Fisher
757,Queenof Lion Fairwood
759,Nate Vanecko
779,Kelly Cooper
780,Tracy Martinez
781,Laura Delaney
787,Lori Tuupoina
970,Nathan Touvelle
971,Daryl Tibbetts
972,Paula Kilby
1016,Harold Townsend
1017,Robert McKennon
1018,Amber Akers
1019,Jon Buonarobo
1021,Ryan Rohde
1022,Kennedy Jackson
1039,John Weyhe
1207,Rachel Billings
2320,Eric Swindell
2674,Famous Orca
611,Swatfcn Roblox
650,Robie Straws
651,Ben Hawk
782,Nader Almanaseer
785,Linda Lufkin
786,Valentina Baez
788,Antheny Henderson
790,Edgar Figueroa
791,Mercedez Harris
792,Carol Bailey
793,Cathy Kellar
794,Lucinda Moore
795,Philip Rohrbacher
797,Taylor Wheeler
798,Ashlie Gragg
799,Brenda Schlapfer
801,Javari Subbs
802,Alejandra Yante
803,Joseph Vasquez
804,Laley Swindles
1208,Skyler Bradley
2322,Christina Parker
2486,Mhizz Boo
654,Rochelle Allen-Woods
805,Patricia Ashley
812,Abdesleme Ben Hassine
814,Nicole Marie Fuksa
974,Tamika Huff
975,Lan Dry
977,Roy Macias
978,Fredrick Reyes
979,Emily Ladnier
980,Jason Anton
982,Judith Chaney
983,Scott Johanson
984,Dom Eaker
985,Michelle Walker
1024,Alexandra Gonzalez
1040,Laquisha Hogan
1041,Bree Himmel
1042,Tevin Gondoly
2546,Old Whale
2554,Tall Shark
2331,Emma DeJesus
655,Randy Brooks
656,Rodrigo Chapa
660,Lester Knox
661,Towanna Donegan
662,David Wynn
808,Jaime Setzer
809,Casiano Baldovinos
811,Marcia Perry
813,Frances Cgraf
815,Betty DeGuire
816,Jo Chavez
817,Zach Reber
819,Sheryl Marion
820,Austin Klass
821,Everardo Moya
823,Ariel Rose
824,William Goodall
825,Budianto Tjandra
827,Piter Encinas
1025,Gabi Granados
2332,Ellen Culhane
658,Nesio Manchas
659,Tia Kilpatrick
666,Lluvia Ibarra
828,Diandra Cat
829,Linda Fletcher
830,Danielle Bethea
831,Jasmine Porter
833,Teresa Harris
834,Tony Ray
835,Joseph Menchaca
836,Matthew Davis
838,Laura Stech Reinemann
841,Melody Knaub
842,Yefri Arturo Tejada Rodriguez
845,Annalicia Emmingham
986,Josh Jimenez
987,Mark Archer
988,Steven Strittmatter
989,Doug Hayden
1927,Ivan Brown
2338,Cheryle Kusch
668,Samuel Mills
669,Kim Wapskineh
674,Linda Bump
839,Randall Short
840,Barbara Ray
844,Diego Adams
846,Jessica Lott-Acosta
847,Zoe Basora
848,Simon Yucel
850,Earl Dragon
852,Patrick Devine
853,Marcus Olsen
854,Hadi Irvani
856,Lenny Ausec
857,Tara Blake
859,Kayle Solorzano
861,Crystal Bratcher
862,Tony Walton
1044,Rebecca Cornell
1210,Rasheed Miller
1655,Cheyenne Mitchell
672,Stephanie Topfer
676,Cheryl Winn
677,Omayra Garcia
680,Walter James
682,Livia Boyt
683,Bobbie Dix
684,Paula Kazin
872,Erin Mcnamara
991,Kate Willhoite
992,Christopher Feliciano
993,John Smith
1045,Bonnie Jacinto
1046,Linh-Lan Hà
1052,Luis Dominguez
1053,Wayne Lambert
1054,Amanda Chastain
1056,LilDonny Xiong
1057,Marlon Reynolds
1058,Kim Hilleary
1059,Quintina Smith
2343,Pharisee Kostishak
678,Arlene Arthaud
679,Carlos Bermudez
858,Stephannie Schrock
863,Sierra Coleman
864,Rick Crozier II
869,Marlou Rizo
871,Chloe Higgins
873,Storm White
874,Steve Ruiz
876,Duke Dixon
877,Kyle Medlock
878,Norman Calvin
879,Jodi Martinez
881,Kalaya Lewis
882,Ricky Miller
883,Smilley His'princess
884,Idelmis Muniz
994,Paul Solis
1211,Callie Foster
2348,Scott Tarpley
690,Parker Fisher
691,Alexa Sanchez
693,Ashish Jain
694,Vickey Winnie
695,Joshua Singh
867,Tina Baker
868,Chantal Talabert
886,James Miller
887,Tahara Wilson
890,Jacob Hepding
894,Maris Alcala
897,Jay Madden
995,Edward Duvilaire
997,Joseph Gould
998,Julie Eclipse
999,Shana Howell
1000,Donald Lathrop
1001,Juanitacandywine Jennings
1509,Sean Howell
2354,Debby Lee
2548,Bent Coral
2555,Cuddly Eel
2665,John Mcaleer
697,Mark Madrona
698,Radioaktiivne Man
701,Robert Scott
702,Rebecca Kurber
703,Melissa Daniels
892,Mary Monty
893,Nelson Abadilla
895,Lucia Fernandez
896,Amber Hilliard
899,Rachel Hall
900,Nokieffe Charles
901,Betty Horne
903,Pretty Liyah
905,Yosmelyn Benitez
906,Rhonda Mays
1047,Jason Vuelta
1065,Vanessa Barlow
1928,Dorothy Johnson
2357,Jean Halvorsen
2549,Exotic Urchin
2551,Loud Eel
2552,Unique Mussel
2553,Rare Turtle
705,Debbie Treager Hatton
706,Mary King
708,Delton Maxson
907,Marcy Limbert
909,Yolanda Fulton
911,Lawrence Walton
914,Brittany Rivera
917,Jorge Eduardo Cortes Muñoz
918,Crystal Bluetiger
1002,Raelyn Williams
1029,Donnetta Dillard
1060,Kimberly Jones
1061,Jessica McDonough
1062,Princess B
1064,Sandra Davis
1066,Reginald Larsosa
1067,Theresa Succi
1213,Seby Giovany
2360,Jacob Ervin
710,Richard Kim
712,Jean Vitor Toigo Schneider
713,Jeannie Ryan
908,Yajairi Lopezmontero
910,Ray Hansen
915,Tyyuna Perkins
916,محمد بدير ابو ليمون
919,Susie Hathaway
920,Santiago Perez
922,Corey Barrow
923,Lauren Espy
924,Shania Parker
925,Dontious Slaughter
928,Hailey Young
929,James Jackson
931,Jamie Nicole
932,Marianna Catalo-Bovian
1031,Daniel Wickham
1033,Shantia Ettinger
2441,Butch Gasseling
715,Vee Pito
716,James Hopwood
927,Danielle Houseweart
933,Yenia Bello
934,Jack H Johnstone Jr.
935,Brayan Knott
936,Qaali Dumar
938,Sovann Nhean
941,Isaac Ochoa
942,Robin Boyer
943,Charles Rowan
945,James L Byrd
948,Nicole Larocque
950,Elmer Lopez
1004,Starboi Olyia
1032,Rhonda Castille
1035,Lisa Mccarthy
1036,Jenn Villagrán
1037,Rocio Tara Montaño
1930,Melissa Estes-Burchfield
940,Holly Thrasher
944,Crimson Drake
946,Khreszel Urquia Espiritu
951,Lynn Kelly
952,Lily Mtz
954,Kevin Lavine
955,Amanda Bishop
1068,Corey Hughes
1069,John Todd
1070,Cheryl Valk- VanDemark
1071,Matthew Hutton
1214,Paulo Ferreira
1215,Imtiaz Chowdhury
1216,Sergio Bados
1217,Kamani Burke
1511,Pamela Cruz
1512,Daniel Amaya
1513,Marissa Robles
1514,Abbey Smith
1572,Jean Ebensteiner
2368,Kristie Roach
885,Catelina Love
1074,Barbara Castell
1219,Stephania Turennes
1220,Jose Mendoza
1221,Faries Nozahy
1223,Rita Willbarger
1224,Tiffany Noble
1225,Uwezo Peterpan
1226,Barry Edwards
1228,John Jones
1230,Baird Kline
1231,Vale Charles
1232,Katlynn Llewellyn
1573,Alan Torres
1575,Lili HL
1576,Thad Joachim
1577,Henry Sustache
1869,Shymel Rouse
1870,Robert Yruegas
2374,Shanellie Gomez
1076,Anita Britton
1077,Célia B'ou
1079,Matt Padley
1080,Vezir Halili
1081,Kristina Twist
1082,Danny Kovac
1084,Robert Lee
1085,Lequan Andrew
1086,Frances Roya
1087,Kristy Dawson
1088,Melissa Rupp
1090,Tannen Oster
1091,Levie Angle
1229,Frank CarderJr
1234,Ashton Cecil
1235,Dario Carpio
1236,Sidney Slon
1237,Michael Green
1238,Seth Wade
2380,Sam Galindo
1092,Lee Jordan
1240,Marina Perhealth
1241,Garnet Becan
1242,Marie Sergi
1243,Abigail Andrews
1245,Maggie Steltz
1246,Joel Fender
1247,Derrick Salyer
1248,Miguel Salas
1250,Adolfo Tenorio
1267,Joel Guzman
1268,Don Draper
1515,Steven Moua
1516,Tim Davis
1518,Roger Kuhn
1578,Maverick Flanagan
1579,Silmarwen Elensar
1647,Carla Bennett
1931,Jeramiah Jorgensen
2387,Kyle Singer
1251,Meranda Hanika
1269,Leta Sheaffer
1270,Erica Buckner
1272,Mik Simpatik
1273,Anniemay Middleton
1274,Rebekah Harrod
1275,Ethan Taylor
1276,Terrell Tipton
1278,Eriq Quarles
1279,Rachel Hollenbach
1280,Simon Zapata
1281,Joseph Velarde
1283,Matthew Smith
1284,Kayla Monte
1287,Maxwell Oberg
1627,Sky Gentles
1648,Mark Tichy
1657,Haylei Lawrence
1658,Elizabeth Somerville
2676,Bent Mussel
1095,Brooke Brunson
1096,Klemend Martini
1252,Randy Henry
1253,Ander Bowden
1255,Merk Rusher
1256,Jerrell Williams
1257,Gabriel Williams
1258,Jose Molina
1260,Mike Register
1261,Noah Boer
1262,Celestino Mendoza
1263,Robbie Miles
1264,Keya Hoger
1266,Paul Skyhawk
1285,Andrew Wright
1286,Yani Carter
1288,Michelle Hunter
1586,Dennis Coyle
1914,Jessiesam Boesel
1918,Jacki Campbell-Cotton
2392,Hannah Stein
1099,Steve Andrews
1290,Melissa Medina
1292,Amber Lynn
1519,Tiffney Northrop
1520,Bernita Hall
1580,Matyy Fiten
1581,Christian Ivan Gonzalez Glez
1583,Ally Durbin
1584,Katie Jane Pedersen
1585,Lilli Huong
1587,Naomi Fisher
1588,Joshua Richter
1590,Stephanie Meredith
1591,Shay Clark
1592,Melody Par
1593,Patricia Meredith
1629,Kimberly Astudillo
1630,Tawni Vivier
1650,John Bartley
1919,Sarah Swift
2670,Dedee Novak
1101,Donald Layman
1102,Richard Labombarbe
1103,Loveoohyie Babi
1105,Samantha Munoz
1106,Ceaira Michelle
1294,Guelord Gibaud
1295,Darin Johnson
1297,Dawniie Dawn
1298,Anthony Brantley
1299,Isabella Roth
1300,Luis Riera
1302,Jaede Hargrave
1303,Shirley Mcfarland
1304,Rodrigo Zamudio Abarai
1305,Saila Khatun
1306,Princess Sani
1521,Jodie Ferree
1522,Tiffany Sells
1523,Shelley Latta
1932,Sammie Powell
2395,Abraham Siafa
2556,Test
2557,""
763,David Corinne Barnett
1107,Cameron Johnson
1109,Megan Ballard
1307,Ray Pratoff
1308,Daniel Haskett
1309,Alexyspoobear Johnson
1321,Cabdi Harbi
1466,Raiyan Rahman
1524,Raymond Cox
1525,Fabian Nava
1527,Callie Wickham
1528,Joab Ramirez
1594,Katie Blanton
1595,Dawn McNabb
1598,Ricardo Rodriguez
1631,Mackenzie Foy
1637,Nathan Casey
1934,Maydee Chavez
1111,Llana Frances Anne Garcia
1112,Robbie Gerrior
1113,Gabbriella Carnes
1114,Tiffany Rogers
1310,Anita Magby
1311,Emma Sanchez
1312,Beth Mcclish
1314,Jackeline Quinones
1316,Melani Becerril
1317,Amanda Bailey
1318,Wanda Ferreira
1319,April Gordon
1323,Mikhail Walker
1324,Mateo Rene Ton
1325,Vanessa Kindt
1326,Braxton Bedsaul
1529,Kenny Meattey
1661,Jennelle Sipel
1664,Matthew Blake
1935,Matthew Erickson
2399,Patrcia Watters
2667,Hiren
1116,Brittny Gray
1118,Jasmine Gonzales
1120,Sarah Bender
1122,Rebecca Songer
1126,Danyell Partridge
1328,Colette Taylor
1329,Alexis Wright
1330,Eli Corral
1332,Liliya Demchuk
1333,Anthony Smith
1334,Morisa Sun
1335,Ana Margarita Nolasco
1337,Shay Morgan Keys
1342,Jamieson Riggs
1343,Roberto Flores
1530,Jared Hedges
1600,Jeremy Stubb
1601,Faith Owens
1602,Laura Yearta
2397,Leon Rodgers
1124,Jorge Sandoval
1127,Thien Nhi
1129,Ciara Davis
1130,Anastasia Gerou
1338,Kevin Stewart
1339,Betterton Wallace
1341,Illiandra Burney
1344,Taji Mcbride
1345,Driver Williams
1346,Kimberly Zamora
1348,Yvie Rico
1349,Lizy Blezey
1350,Gisell Gonzalez
1351,Mizuki BlackCat Yoshimura
1352,Yael Zainos
1531,Barbara Peabody
1532,Karen White
1604,Felicia Stailey
1607,Sherokee Harriman
2398,Mae Bridgeford
2510,Useful Marlin
1131,Rachel Brasher
1132,Shameka Joseph
1133,Tony N Susan Waianae
1136,Shelly Walker
1138,Lea Cx
1358,Mazinha Valadao-Freitas
1362,Zachary Clark
1535,Alexander Hopkinson
1603,Katie Nash
1605,Victoria Rice
1606,Gregory Ladewski
1610,Juanillo Peralta
1632,Ilse Hofman
1633,Jonathan Diaz
1634,Taylor Sizemore
1636,Makayla Jones
1638,Chloe Alissa
1639,Ohid Uddin
1936,Amber Curphy
2400,Jessica Gonzales
2511,Salty Shrimp
1137,Aryan Malik
1140,Robert Spencer
1354,Laurel Campo
1355,Morgan Beals
1356,Brandon Kaseman
1357,Jamiracle Taylor
1360,Alexis Elaine
1361,Zanisha Watson
1363,Hawk Reichart
1365,Briana Francis
1366,Zebulan Violi
1367,Olivia DeLauder
1368,Gerald Warren
1369,Nicholas Baynes
1371,Young Vincent
1378,Tony Facci
1380,Lakisha Banks
1382,Madison Dalton
1938,Megan Reynolds
2416,Anthony Spencer
2679,Scott Rickard
1372,Daniella Diaz
1373,Brayden Logan
1374,Jennifer Bergère
1376,Trevez Edge
1377,Zack Jeffers
1379,Briana Pigford
1384,Zack Rokosh
1385,Emma Rose
1386,Journie Smelser
1387,Princess Shivani
1388,Tony Snedeker
1394,Joie-Lynne Baker
1395,Montanna Gardenier
1396,Matteo Toliver
1399,Kayla Notter
1536,Lamya Soloman
1537,Alyssa Delgado
1538,Katy Pritsel
1539,Angel Gonzalez
2442,Tashnie Degand
2678,Andy Flink
1144,Dawn Lette
1145,KC Martin
1146,Jonathan Dutton
1150,Joeywitdastaxx Sanchez
1389,Trinity Mitchell
1391,Mason Scolley
1392,Mae Brobst
1393,Jazmin Chiara
1398,Elizabeth Thu Bonitilla Rudito
1400,Mariah Madril
1401,Kadir Emre Güneş
1402,Anthony Saucedo
1404,Jay Mhe
1405,Rose Belle
1406,Blake Doyle
1409,Shanell Swaggin
1541,Jennifer Hanson
1611,Cecilia Price
1665,Nyunt Nyunt
1464,Sirena del Marr
1148,Lenette Parks
1151,Jace Mattingly
1152,Kais'Uana Lee
1154,Francisco Escobar
1410,Sara Hudson
1423,Alyx Michealson
1424,Asunta Williams
1425,Kaitlyn Schultz
1426,Teray Williams
1429,Christopher Cannon
1430,Constance Shroomz
1431,Andrew Collins
1433,Chance Okimosh
1542,Gayle Oade
1613,Kayla Tupper
1614,Allison Morrell
1615,Evelyn Davila
1616,Bing Zhou
1617,Latoshia Johnson
2367,Elizabeth Carmenate
2675,MAC
1411,Michael DelVecchio
1412,Cynthia Evans
1413,Brian Morales
1415,Omar Ali
1416,C.c. Hart
1417,Nancy Virden
1418,Lynn Moore
1419,Brian Lee
1427,Yafiet Kidane
1432,Meghaun Brewer
1434,Rachel Beaire XD
1436,Carol West
1438,Nyla Clark
1439,Janna Curtis
1440,Jaquel Gordon
1442,Alex Kasting
1443,Javier Aguirre
1939,Iris Zglinicki
1940,Brittany Smith
2512,Drewry
2621,Cold Whale
2622,Upbeat Turtle
1156,Kurt Nelson
1157,Robin Rio
1420,Megan Fisher
1444,Asal Meysami
1446,Andrias Cote
1447,Lace Lambert
1448,Alexander Archer
1449,Beth Nelson
1451,Casey Lifford
1452,David Dejesus
1453,Danica Seager
1454,Shawn Newton
1544,Wilson Lamar
1547,James Francis
1619,Christle Boose
1620,Joel Turner
1640,Rene Goueth
1642,Lyndon Wolphagen
1643,Amya Dunn
2419,Lauritha Pimentel
1158,Jean Converse
1159,Catrenia Mack
1160,Kaitlyn Ferrara
1161,Garry Thomas
1162,Heather Ellison
1164,Mackenzie Pruitt
1455,Nicholas Lopez
1456,Ashlynn Candee
1457,JoOszecito Mora
1459,Matthew Fisher
1461,John Perotta
1462,Eunice Magi
1463,Tye Rothberg
1546,Kevin Estevez
1548,David Sherman
1549,Shawna Dinger
1550,Virginia Powers
1622,Nikola Polanska
1623,Karen Pitacua
2677,Suzanne Parker
1167,Crystal Holbrook
1168,Lakisha Marvels
1460,Alex Tryon
1465,Tyler Podsiadlik
1467,Aniya Ware
1468,Zack Man
1469,China Bello Mancilla
1470,Charlie Paker
1551,Dominique Brown
1552,Danni Foss
1553,Shelley Weil
1554,Dmw Wise
1556,Cheyanne Blake
1557,Carlos Osorio
1558,Justin Tobias
1625,Desiree Hotch
1645,Don Salcedo
1646,Jacob Self
1702,Hannah Hicks
806,Stacey Reed
1170,Justin Shipman
1172,Heather Schauer
1173,Alex Bourikos
1174,Heather Basham
1175,Ariel Ortega
1473,Nd Ca
1474,Alyssa Bankes
1475,Jbhiee Domingo
1476,Francesco Sicignano
1479,Xavier Hill
1480,Chris Richardson
1482,Tati Sanchez
1483,Logan Stone
1559,Dominic Taylor
1624,Manuel Hunt
1626,Nico Wynia
1651,Rhonda Prosperie
1653,Sincere Johnson
1654,Cydni Bode
2673,Troy Trybom
2443,Jennifer Baker
2422,Anne Jackson
2513,Dizzy Spunge
2514,Famous Conch
1181,Kumar Ryka Magar
1182,Benjamin Reinert
1184,Rickteresa Russell
1185,Tyler H-something
1186,Paul Borbour
1187,Natalia Ortiz-Flores
1188,Benjamyn Dery
1484,Samy Midence
1486,Evan St Germaine
1487,Brandon Chong
1488,Piru Del San Jose
1561,Jojo Rogerson
1562,Twerking Baddasx
1563,Mossy Montoya
1564,Stephanie Hightower
2515,Bright Shark
1567,Hunter Hawk
1568,Michaela's Head Hurt's
2672,Cullen Landrum
1191,Mary Thomas
1192,Elvis Vasco
1490,Heather Leidolph
1491,Nicole D'vaulx
1492,Christopher Clary
1493,Elisabeth Marpoe
1495,Sky Lander
1496,Dohnovan Tate
1497,Mahesh Wari
1498,Mariyah Barbie
1499,Mark Gibson
1502,Mara Malone
1503,Ashley Boles
1504,Malachi Foster
1505,Amber Watson
1508,Brittany Camp
1570,Nathaniel Milloy
1571,Melissa Elizabeth
1941,David Perkins
2682,Cuddly Oyster
1501,Bhosx Zaipher
1660,Megan Hall
1942,Cindy Schaffrath
1943,Jerry An Serina Holloway
1944,Andrain Bland
1945,Chanelle Hodges
1947,June Peters
1950,Maloy Wilkes
1951,Terra Cavness
1952,Shannon Parkinson
1953,Marvin Cosper
1955,Tina Speare LaFeve
1956,Lewis Jenkins
1957,Bugs Super
1958,Shelly Briles
1960,Sherry Earnest
1962,Austin Schmitt
1963,Pattie Tovar
1964,Lelia Perry
2423,Matthew Massey
1408,Steven Parker
1662,Luis Fernando Bobadilla
1663,Robert Westmoreland
1948,Funnymoses Heaney
1949,Lorraine Conger
1965,Jason Cross
1966,Evelyn Price
1968,Aggie Vernoy
1969,Mary Claypool
1970,Dan Edwards
1971,Marietta Moore
1973,Julia Light
1974,Stacie Laster
1975,Joa Torres Gyej
1976,Richard Shelter
1979,Wilhelmina Franklin
1980,Eileen Serrano
1982,Annie Eshleman
1984,Sadie Woods
2518,Bent Oyster
2623,Flat Urchin
2624,Quick Shrimp
2625,Plain Ray
1481,Catherine Hernandez
1666,Roxanne Fields
1667,Jodiann Lennon
1668,Marissa Cox
1670,Jeff Stuck
1671,John Wilson
1961,Scott Rogers
1978,América Citlali Rodri
1983,Samantha Quintero
1985,Harley Wheeler
1986,Leny Enriquez Cedillo
1988,Maranda Colon
1989,Natalie Gabaldon
1990,Justin Mccomas
1993,Jacqueline Fernando
1994,Robert Lakin
1997,Yolanda Barrantes
2000,Jeffrey Cesare
2003,Jada Corbo
2626,Cheap Seal
2627,Bent Shark
2628,Nifty Sponge
1673,Janet Phelps
1674,Richard Hoke
1675,Robert Olson
1676,Esther Resto
1992,Athena Thao
1995,Kryztal Juarez
1996,Linda Chase
1999,Gail Hornback
2002,Manoucheka Bien-Aime
2004,Jackie Burton
2005,Rebecca Juarez
2006,Promise Robles
2007,Lexi Negrete
2009,Peg Wachter
2010,ShyAnn Vansumeren
2011,Amber Riley
2013,Bridget Kirk
2014,Jamie Autry
2015,Debbie Johnson
2517,Secret Crab
2681,Ryan
2516,David Knight
2521,Elite Conch
1678,Dawnita Wain
1679,Brittany Duhe
1680,Shenna Jones
1682,Michelle Brince
1683,Heber JB
1684,Smarlin Espino
1685,Joetim Heritage
1687,Mary Crouch
1688,Ashley Morrell
1689,Magin Ritter
1690,Delores Cradle
2016,Breonon Hutchins
2017,Lin Kinikini
2018,Ann Harris
2020,Tim LaRouche
2021,Marrisa Augustyn
2022,Tameryn Garrison
2023,Sara Morrison
953,Erin Skidmore
1693,Jennifer Grieser-Casura
2025,Sarah Saunders
2026,Keara Queenie
2027,Jena Gagnon
2028,Marie White
2030,Doris Abreu
2031,Doug Crane
2032,Abbey Gullett
2033,Rachel Florey
2034,Shaniyah Lewis
2035,Sandra Jakes
2037,Eunice Moore
2038,Evan Thrasher
2039,Majestic Robinson
2040,Kyle Scercy
2042,Brenda Martin
2043,Kelli Edinburgh
2044,Michael van Donselaar
2454,Duc Nguyen
1696,Sharon Perez
1697,Braeden Goodwin
1698,Serena Diaz
1699,Gracie Farr
1701,Jason Bickford
1703,Drew Lauritzen
2045,Anna Norton
2046,Angela Johnson
2047,Jennifer Novinger
2050,Diana Llanez
2051,Elissa Flowers
2053,Edward Tatro
2054,Shalcey Rickey
2055,Kaylene May Blodgett
2056,Ella Cannon
2058,Alexis Scott
2060,TallGirl Edith
2062,Johanna El Attar-Hill
2519,Dark Marlin
2520,Icy Turtle
1704,Milagros Amezquita
1705,Kimara M. Taylor
1707,Brenda Downer
1708,Cheryl Burdick
1709,Sierra Jem
1855,Wilma Knight
2057,Kendra Sanborn
2059,Robert Shelton
2063,Dajon Pretty Man
2064,Eva Baucham
2065,Kiana Flack
2066,James Wingo
2068,Karyl Webster
2069,Brent Brasseur
2070,Makyia Elston
2072,Austin Dorcey
2074,Twinkle Lewis
2079,Cathie Means Canku
2081,Raymond Barrett
2425,Deianna Taylor
1711,Jonathan Bokowski
1712,Kelvin Kuffour
1713,Terrael Williams
1714,Erika Martin
1715,Francine Grant
1717,Quasia Woods
2071,Elaine Morris
2075,Spencer Ohnesorge
2076,Zunzuncita Chavez
2078,Gerry Baggatta
2080,Santana Clay
2082,Sarah Wilson
2083,Meg Barber
2084,Aaliyah Suarez
2086,Dorothy Simmons
2087,Maria Cazares
2088,Tristan Rard
2089,Maudely Diaz
2522,Famous Conch
1719,Susan Fletcher
1720,Jackson Roberts
2091,Dave Horbinski
2092,Franky Emilio Acea
2094,Rose Salazar
2095,Leigh Blessing
2096,Amy Kohle
2097,Lynn Soucy
2099,Terri Johnson-Wilson
2100,Trinity Beach
2101,Widlou Tibe
2102,Sharon Hurtubise
2104,Leann White Sauseda
2105,Tyasia Mitchell Davis
2106,Juri Rivero
2107,William Butler
2109,Blendi Sfarqa
2110,Lucinda Newman
2111,Lawrence Sipes
2526,Small Ray
2527,Clever Fish
2683,Corey
54,Taylor Trotter
1721,Louise Jaegli
1722,Jayden Tran
1723,Gordon Briwick
1724,Luz Colon
1725,Savannah Wagner
1726,Gabriel Maytoy
1727,Tabitha Knight
1728,Rafael Marquez
1730,Nicole DiRenzo
1731,Sonja Hill
1733,Lisa-marie Carpenter
1734,Justin Owens
2112,Jaleigh Howe
2113,Hanna Mckenzie
2114,Donna Mendoza
2115,Rylee Pickernell
2118,Camila Galarza
2524,Nicolas cage
1737,Daron Bouknight
1738,Ray Cunningham
1739,Rochelle Barlet
2117,Jesus Gomez
2119,Anne Antoine
2121,Shayanne Robbins
2122,Stacy Bleichner
2123,Ahkirah Hannah
2124,Tony Belanger
2126,Christina Lewis
2127,Nina Arends
2128,Adriane Dixon
2129,GenesIs Ortiz Rojas
2131,Gabe Niblett
2135,Britney Bowers
2137,Nancy Swain
2139,Gia Anastasia
2141,Kalkidan Debo
2144,Louie Marunich
2424,Barbara Gannon
2629,Rebel Marlin
2630,Dark Turtle
2631,Kind Orca
2632,Petite Mussel
1741,Tom Jackson Jr.
1742,Julio La Sirenita
1743,Cheyanne Cable
1745,Austin Hohlstein
1746,لؤى التنين
1756,Sonya Freeman
2130,Grace Geiger
2132,Happy King
2136,Janina Alvarez
2138,Chris Coble
2140,Victoria Jackson
2145,Kitty Doxtater
2146,Alma Nelson
2147,Sierra Shearer
2148,Victoriamakinzie Wilks
2151,Alexander Trautzsch
2152,Sophia Lane
2153,Sara Presnell
2523,Unknown
1748,Justin Willey
1749,Donielle Bridget Fendler
1750,Aaron Scheele
1752,Kaylee Johann
1753,Aaron Embry
1754,Vianney St-hubert
1755,Ashley Turner
1758,DeNasheia Tinnin
1759,Amor Arreola
1761,Stacey Coleman
2154,Jennifer Smith
2156,Bill Watson
2157,Michael Swank
2158,Denisa Pratesi
2159,Brayan Broon
2160,Maggie Rivera
2162,Pedram Hazany
2163,Lyndia McAfee
2164,Donna Gifford
2165,Emily Haverland
2166,John Schult
2609,Brainy Marlin
2558,Lauren Rentschler
1763,Risë Hickey
1764,Wanda Pierce
1765,Max Wood
1766,Rose Aldirch
1767,Yazzy Gavin
1770,Ashley Gordon
1771,Sheila Coon
1772,Debbie Conkright
1773,Jdaija Shellman
1775,Taeran Helton
1776,Sudha Paudel
1777,Kevin Puyleart
1778,Sarah Trim
1779,Francis Teague
1781,Tiffany Mickles
1782,Hayley Nielson
1783,Jordan Engbretson
2173,Andrea Castillo
2684,Pattymint
2174,Nikki Catrina
1769,Kim Furuya
1784,Ibrahima Diallo
1785,Debbie Storey
1786,Jennifer Guinn
1787,Amy Miota
1788,Tifany Moore
1789,Rick Crowdus
1790,Katie Hammond
1792,Jamie Yawn
1793,Jessica Yazzie
1795,Aaron Stracener
1796,David Messick
1797,Adam Vang
1798,Keane Anthony
2167,Agnes Etienne
2168,Summer Langford
2169,Oshiana Freeman
2170,Jordan Brown Jr.
2563,Busy Conch
2562,J Trotter
2659,Jared Trotter
2426,Keira Aly
1800,Alisson Melissa
1801,Porfidia Rodriguez
1803,Beverly Miano
2175,Steven Cochrum
2176,Anyah Furcron
2177,Ronnie Steinmetz
2179,Kim Charland
2180,Nadir Hameed
2181,Alice Alley
2182,Zoe Henney
2184,Christina Gordon
2185,Justice Austin
2186,Tammy McCammon
2187,Kortni Baker
2192,Aaron Stephens
2193,Jacob Wilds
2194,Baltazar Sanchez
2195,Melody Jones
2197,Maria Turcios
2427,Austin Edwards
2428,Robin Buffalo
1805,Shawn Walker
1807,Nynye Riley
1808,Victoria Bolden
1810,Jose Aguilar
1811,Deja Dawson
1812,Collin Maag
1813,Grecia Paola Ulloa Luevano
1815,Steve Galindo
1816,Adrianita Amaya
1817,Holly Graves
1818,Katelynn Hanover
1819,Rochelle Gotham
2190,Dawn Grooms
2191,Monie Roberson
2198,Letnan Basyar Basyar
2200,Lucy Webb
2202,Jake Allemang
2203,Paula May Bernardino
2223,Zachary Slagle
2564,Jared Trotter
1821,Melinda Green
1822,Monica Cornwell
1823,Phillip Ressler
1825,Onil Perez
1826,Chris Hazelwood
1827,Sef Timmermans
2201,Sandra Ketchersid
2205,Pam Morgan
2206,Maureen Laurie
2207,Brian Smith
2208,Ricky Selsor
2210,Tonia Anthony
2212,Patricia Wallen
2214,Michaela O'Brien
2215,Amber Normandin
2216,Veronica Pineda
2217,Kyle Wayne
2220,Damion Kennedy
2224,Tahjza Adams
2225,Danny Phatom
2226,Bouba Coulibaly
1828,Jozlyn Lyzette
1829,Felicia Ames
1830,Victor Udman
1832,Craig Pruettjr
1833,Josh Fults
1834,Kayla Roddy
1835,Divya Aza
1837,Leslie King
1838,Arianna Paone
1839,Cruzita Amill
1840,Adam Blaschke
1841,April Walker
1849,Ashton Faith
2209,Cheryl Stinnett
2211,Quishawn Watkins
2221,Lashaun White
2222,Jenny Sprague
2568,Famous Turtle
2578,Earthy Fish
2227,Cam Arroz
2228,Jordan Hill
2429,Jayson Dumalag
17,Stephen Goddard
1843,Rikki Knight
1844,Natalie Almodovar
1845,Rene Simon
1846,Xavier Zamudio
1847,Trinity Krueger
1848,Xander Roe
1850,Cicely Pulliam
1851,Rhedd Bhadd
1852,Kobe Hightower
1853,Corey Chavez
1854,Sebastian Medrano
1857,Nanette Clark
1858,Skye Mizell
1859,Fernando Tovar
1860,Joe Enslen
1862,Hope Cocciarelli Marant
2229,Nathan Russell
2230,Carlos Zengotita
1864,Matthew Scott
1866,Tammy Helm
1867,Emeraude Caron
2232,Winter Hazelwood
2233,Clea Beaman
2234,Susan Lor
2235,Dishank Patel
2236,Dani Alexandru
2238,Judy Willis
2239,Amanda Irvin
2240,Duane Perkins
2241,Faiza Zakir
2243,Alyssa Sedam
2244,Michelle Dollarhide
2245,Sammantha Jones
2246,John Burgess
2248,Rose Crystal Mizenko
2633,Glossy Ray
2634,Clean Sponge
2658,Petite Fish
2249,Christopher Michael
2250,Jarissa Weedon
2251,Thomas Mcnamara
1873,Yajaira Serrano
1874,Hannah McKenzie
1875,Teresa Aalsup
1876,Dana Bockhorn
1878,Jennifer Veuk
2254,Douglas Odom
2255,Dessy Mendez
2256,Dayana Auquilla
2257,Aiyana Washington
2258,Dacia Sharpe
2260,Hysaun Corprew
2261,Vincent Campbell
2263,Mallory Robertson
2264,Kehlond Thacker
2265,Shelby Carnahan
2267,Ronella Riley
2662,Jordan
2252,Makin Prince
2685,Ed Eberhart
2262,Maybell Thomas
2268,Anakin Taylor
2269,Xavier Moore
1881,Terry Mileham
1882,Taylor Paige
1883,Alexandria Proksch
1884,Victoria Cruickshank
1886,Phookie Nash
1887,Martha Woods
1888,Chase Lattimer
1889,Autumn Blair
1890,Deborah Paulus
2270,Bitsy SneakySnake
2271,Hannah Martin
2273,Josue Ingles
2274,Michelle Shipmanm
2275,June Jimson
2278,Ethan Whittaker
2430,Steven Vanacker
2276,Meagan Inman
2277,Jilliyan Beemon
1892,Rhylee Bruce
1893,Miguel Rojas
1894,Randean Nunez
1895,Charissa Khan
1896,Lindsay Lepermarde
1897,Julia Hill
1898,Brandon Benoit
1900,Jeppe Vestergaard
1901,Katie Sherrod
2280,Myasia Gales
2282,Portia Cabral
2283,Mikayla Mcgee
2284,Ammu Maria
2285,Phool Zennat
2287,Angelica Stridiron
2288,Nicole Smith
2291,Deanna Evans
2289,Maria Navarro
2290,Bea Salazar
507,Sharon Lowd
1902,Elizabeth Stamm
1904,Cedric Mcdaniel
1905,Cherie Morss
2293,Mandy Elizalde
2294,Kc Gurley
2295,Alexus Edwards
2296,Jade Tran
2298,Amylynn Wyrick
2299,Aarika Shaffer
2300,Zakiya Jasmine
2301,Shane Thompson
2303,Jessica Taylor
2304,Terri Bauer
2305,Jerome Simmons
2307,Samantha Denton
2308,Tania Rodriguez
2431,Daniel Junior
2445,Charlotte Raley
2310,Thomas Lawson
2311,Dkira Davis
1907,Kayla Felton
1909,Rebekah Hickerson
1910,Juliana Bravo
1911,Rebecca Brawand
1926,Elena Harris
2312,Ta Eh
2313,Catalina Solé
2314,Mariah Roney
2316,Eduardo Canil
2317,Lolo Basam
2318,Jahva Leonard
2319,Hannahmae Strayer
2321,Christopher Vanarsdall
2325,Roselin Genesis Francis
2326,Carla Bricking
2327,Marilyn Audler
2335,Melvin Creek
2432,Timothy Parker
2458,
2323,Shane Spees
1913,Beki Glascock
2324,Kaitlynn Mullins
2328,Tracylynn Clulee
2329,Tammy Ewing
2330,Wafaa Gomaa
2333,Matheos Vazquez
2334,Helen Hu
2336,Dell Bishop
2337,Mary Mclane
2339,Carol Bonifay
2340,Jennifer Leigh
2342,Delanni Hardee
2344,Micah Sukenik
2345,George Antonaras
2346,Rogelio Rubio
2347,Jessica Andres
2365,Jerry Butts
2433,Brittany Miller
2349,Anne Dickinson
1915,Tyler Scomo
1916,Maryjo Stanziale
2350,Chardoney Stick
2351,Ruben Jr.
2352,Makayla Moeller
2353,Bruce Thompson
2355,Nancy Barnes
2356,Alejandro Aguilar Jimenez
2358,Jenni Jones
2359,Tamie Bellman Layton
2361,Bob Lequin
2362,Donna Hayes
2363,Regienald Serrano
2364,Tuyen Chau
2369,Miicaela Hernandez
2370,Don Det
2371,Mary Boyd
2372,Judy Hibbs
2593,Superb Otter
2584,John McAleer
2605,Polite Oyster
2689,Andraya Offutt
2373,Ian Mathews
1917,Pam Hayslip
1920,Jennifer Brown
2375,Carla Hamrick
2376,Greg Caudill
2377,Aleyah Cotter
2378,Mary Parent
2379,Tasha Townsend
2381,Richard Schouler
2382,Breeanna Williams
2383,Stefanie Chorak
2384,Joseph DiFranco
2386,Nick Starkey
2388,Kelli Seibel Utterback
2389,Alexis Bayne
2390,Sam Robinson
2391,IV Schippa
2393,Breana Bridges
2394,Hannah Gronwald
2403,Min Abra
2411,Becky Baker
2404,Lavern Moore
2415,Leah Laney
2409,Babette Simino
2412,Honeybear Patterson
2405,Whitney King
2406,Odie Cook
2413,Ulises Serafin
2407,Susan Bons
2410,Rae Sawyer
2414,Nicole Gomez
75,Xinlu Wang
2401,Juliette Lackey
2402,Ida Wilson
2385,Connie Trent
2434,Donna Alexander
2688,Cool Orca
41,Alesia Ervin
2408,Sarah Catrett
2596,Shayla Kelley
10,Ravi Bijlani
14,Eric Rabinowitz
15,Caren Mcaleer
22,Leah Clark
25,Luke McColloch
26,Nick Cooper
27,Colleen McColloch
30,Shashank Raghu
31,David Keehn
34,Caleb Abolarin
4,Lauren Rentschler
7,John McAleer
2435,Muhammad Nasir
2436,Parmm Khan
2602,Margie Anderson
2603,Blanche Nelson
2614,Juan Carlos Perez
2663,Suneil Aggarwal
46,Jared van Aalten
51,Shelly Place
52,Christy McAllister
55,Zhaohui Huo
56,Bibek Burja
61,Debbie Mcewing
66,Ameya Vilankar
72,Patty Redmond Trotter
74,Andrew Wyatt
76,Michelle Wimbish
78,Aaron Smith
85,Zoë Blutstein
90,Julia DeLuca
92,Khui Shing
93,Karl Olund
98,Ronnie Wilder
100,Marina Duncan
102,Andrea French Jimmis
107,Steve Kutzli
110,Carolyn Howell Emrich
115,Maxine Racz
120,Aaliayah Porter
125,Jason Stevens
129,Gustavo Lobo
131,Damien Burgess
139,Salvador Lepe
143,Michael Thomas
148,John Roark
151,Lina Taormina
155,Tony Tequila
164,Dale Wilhoit
170,Alex Kemp
174,Princess Fiona
177,Yhoanna Castillo
178,Susan Proctor
183,Dorinna Thom
2690,Jay Langa
196,Destiny Roberts
197,Joe Watson
201,Maggie Stinson
203,Shayley Marie
211,Gloria Kelley
212,Channing Alford
217,André Villarán
219,Adam Shavin
223,Tommy Antonino
227,Eric Berger
232,Donna Labrano
235,Mackenzie Shrum
238,Diego Casas
240,Nancy James
247,Thomas Mueller
251,Shannon Hu
256,Rick Jho
260,Christy Gilmore-Woods
263,Lorrie Taylor
270,Julio Leroux H
276,Tierra Everett
2607,J Trotter
2608,J Trotter
2610,Fierce Mussel
281,Earl Pulver
283,John Conant
287,Trudy Griffin
289,Anne Lindell
291,Khouloud Mahjoubi
296,Juan Lara
301,Konnor Kauffman
306,Hood Boy Jackson
307,Leroy Jr.
311,Amy Macmillan
316,Jordynn Edison
327,James Brock
331,Ellie Schoentag
335,Jaye-lynn Foster
337,Mysty Sutter
342,Shirley Watson
347,Jon Maree
353,Kimberly Gagnon
356,Parvez AF
358,Aleesha Brooks
359,Bill Walk
367,Sean Dabney
369,Whitney McMillan
373,Tiffany Gallagher
377,Daniel Boyd
385,Toinette Morrow
389,Tiffany Davis
391,Belinda Krakker
393,Jami Steffans
398,Fi's Great-Aunt
400,Gloria Reyes
406,Matthew Aiken
410,Angel Dennis
411,Kelly Ryan
415,Nathan Golden
421,Lutda Rix
426,Maysin Cool
428,Tiffany Bolding
432,Luis Carrazco
436,Mary Gaytan-Ramirez
437,Mary Stockeland
443,Allyssa Schattel
448,Tammy Pennington
457,Michelle Ruggieri
462,Frank Sr.
466,Tristyn Jones
472,Annie Waugh
476,Stephen Michael
481,Enrique Troche-Valentine
482,Zosef Branch
487,Boyette Agbisit
492,MonroeandGeorgia Ramey
497,Erika Martinez
504,Tina Rice
510,Julie Tackett
515,Rachael Goddard
520,Wayne Starling
524,Tashia Silva
526,Eric Vong
530,Jordan Luedecking
535,Lucy Ruiz
540,Lynn Martin
2611,Able Eel
544,Jarrell Curtis
548,Javier Cordova
549,Marie Castillo
556,Guy Demoines
560,Izolan Simeus
565,Yoshi Emoxithoo
575,Hailey Burnsworth
578,Carl Stevens Jr.
580,Madison Zismer
585,Hichem Tah Les Bg
591,Christian Metzger
593,Uiese Mausali
599,Jacob Selleck
600,Jamin Johnson
609,Renee Edwards
616,Yolanda Jones
620,Jean Marie Nizigiyimana
623,Cody Crump
625,Joe Latrell
630,Kevin Myrick
631,Lewis Ewbank
637,Linda Faboulas
638,Brian Mencos
641,Vinny Giacin
652,Alexis Ojeda
657,Ross Lynch
667,Max Arbes
670,Jonathan Garcia
671,San Tiago
673,Dustin Elsner
681,Javier Vasquez
686,Tommy Garrett
688,Mathew Taormina
689,Kyle Rabinowitz
692,Elizabeth Vites
696,Aqeel Al Hussainy
699,Taylor Faber
704,Dorothy Lindsay
707,Tima Traore
709,Pauly Leetz
711,Dacoda Williams
818,Julius Scott
714,Ragdoll Wendy
718,Desiree Luth Hopwood
727,Leslie Derrick
730,Hannah Suttles
735,Sharon Fimple
739,Ryan Putman
744,Amari Taylor
746,Rosemarie Hunter
750,Jeffery Montgomery
758,Jordy Peters
760,Armand Malone
767,Matt Pronschinske
772,Juliess Bignell
777,Teresa Baker
783,Leah Mix
784,Daytona White
789,Molly Lucien
796,Richard Peterson
800,Alan Bonfil
807,Shay Crawford
810,Laura Anne
822,Jeremy Jones
826,Kim Harris
832,Ryan Smith
837,Tman Strong
843,Christian Bradly
849,Sonja Marie
851,Michael Mcgunnigle
855,Darlene Nye
860,Richard Dishman
865,Karwan Samad
866,Abby Last
870,Noah Yann
875,Jaylon Harris
880,Luke Ternes
888,Krystal Pena Lora
889,Andrew Thompson
891,Royer Qyntero
898,Waunita Pippin
902,Ronnie Grammer
904,Nef Suits
2612,Sparse Turtle
912,Mahogany Hill
913,Willard Solomon
921,Teiara Glespie
926,Lewis Payne Jr
930,Emily Hillen
937,Kallen Penner
939,Glenn Cutright
947,Tommy Hall
949,Ray Hackney
956,Taiya Aguila
960,Angel Perez
964,Amy Sporleder
969,Delores Simmons
973,Sarah Pontrich
976,Missy Fontenote
981,Michael Ruzzi II
990,Dakota Sanchez
996,Tabitha Richards
1003,Mona Wrisley Roerdanz
1009,Stephanie Folker
1015,Whitney Conkrite
1020,Andrea Kuespert
1023,Eduardo De Figueiredo
1026,Junior Smith
1027,Wendy Ray
1028,Cedric Jr. Bailey
1030,Usam Fadel
1034,Jeff Lucas
1043,Kelsiie Pomatto
1055,Sally Vanbenschoten
1063,Theresa Rhame
1072,Lorna Zaworski
1073,Renee Sanders
1075,Luckie Wideman
1078,Santy Royeth
1083,Jazz Cartoons
1089,Fe Cruz
1093,Eli Moore
1094,David Cain
1097,Zina Craig
1100,Dean Boerrigter
1104,Andrea Coe
1110,Anna Rudelich
1115,Moreno Cariati
1117,Kenneth Palm
1119,Emily Oehler
1121,Elizabeth Mcnamee
1123,Crystal Earle
1125,Wilson Hernandez
1134,Steven Amarillo
1135,Andrea Bland
1139,India Ashe
1141,Alex Jones
1143,Drew McCuistion
1147,Sara Stallard
1149,Fabiola Suárez
1153,Camden Ostermiller
1155,Donald Starrett
1163,Will Ballard
1166,Ante Bujas
2528,Cuddly Squid
1169,Linda Rogers Fritzinger
1171,Thudominicanitha Abreu
1176,Dolores Altman
1177,Bill Thompson
1180,Donald Currier
1183,Aubrey Custer
1195,Nora Sweeney
1199,Edgar Mendez
1201,Daniel Franco
1202,Screamm Yamariah
1209,Thiswouldbehmeh Taylorr
1212,Jose Campos
1218,Brock Lohman
1222,Serena Kemp
1227,Christ Rodriguez
1233,Kape Asukal
1239,Jamal Smith
1244,Tentssupply Jongpipatchiporn
1249,Waylon Smith
1254,Valerie Mosley
1259,Kaitlyn Phillips
1265,Lawrence Cabezal
1271,Ronald Spencer
1277,Cristhian Para Ramirez
1282,Gabo Garcia Ruiz
1289,Ivan Berumen
1291,Flawless Vance
1293,Autumn Symes
1296,Mikey-Nicholas Lugo
1301,Nay Quinones Pacheco
1313,Al Varela
2680,Anthony Starkey
1320,Daniel Smith
1322,Alejandro Martin
1327,Johnny Butch
1331,Deanna Mariee
1336,Danny Freeman
1340,Colette Stroehlein
1347,Marie Pinkham
1353,Nathanal Saitta
1359,Stephanie Rivera Ramos
1364,Derrick Dews
1370,Evelyn Feliciano
1375,Rosy Hollinger
1381,John Baker
1383,Jerry Mendez
1390,Michael Roberts
1397,Tyler Reaves
1403,Ross Kennedy
1407,Nicole Wood
1414,Jason Bullard
1421,Ajdin Kukic
1422,Lynn Gabbard
1428,Joan Bogdanowicz
1435,Shawn Houston
1437,Jerrid Tisdale
1441,Ruby Gonzalez
1445,Ivan Abreu
1450,Craig Seeman
1458,Emily Copley
1471,Garry Wallace
1472,Destiny Steele
1477,Cassandra Blanke
1478,Heather Aplin
1485,Brittany Jamerson
1489,Jake Trost
1494,Matthew Thomas
1500,Jeremy Thomas
1506,Johnny Caywood
1507,Brooklyn Valentin
1510,Annie Xiong
1517,Saxson Buth
1526,Tink Barnett
1533,Tiffany Neitzel
1534,Laura Childers
1543,Eddie Poirier
1545,Aleathea Jackson
1555,KifenLynn K'One
2613,Modern Sponge
2660,Young Marlin
2661,Misty Fish
1560,Cody Gaines
1565,Daniel Parsley
1569,Marthe Auguste
1574,DropBoi Wild'n
1582,Rayvyn Helderman
1589,Marques Manus
1596,Justin Bowerman
1599,Shelby Jackson
1608,Laurx Ojeda
1609,Dayna Petersen
1618,Maribel Nieto
1621,Mikie Capistrant
1628,Oswaldo H. Olguin
1635,Marsha Neumann
1641,Marina Velez
1644,Kutzandy Torres
1649,Corey Gilbert
1652,Theresa Middleton
1656,Sophia Mae
1659,D'Monte Phillips
2693,Greg
1669,Bobi Kenard
1672,Joyce Barber
1677,Shelly Longmire
1681,Sarah Fletcher
1686,Bonnie Dowell
1691,Michael Heaston
1694,Jacob Brown
1695,Katrina Henderson
1700,Ebony Wilson
1706,Elaine Stewart
1716,Cheree Ree
1718,Lisa Mann
1729,Kyle Montiel
1732,Taylor Valentine
1735,Lola Eaton
1736,Arica Monts
1740,Daniels Brian
1744,Wendy Herrera
1747,David Lilley
1751,Sean Rugg
1757,Caroline Parker
1760,Iman Malik
1762,Isis Betsaida Perez Bello
1768,Abby Sciotto
1774,Marie Mishoe
1780,Fernando Moreno
1791,Ricky Culbreth
1794,Selena Hartsock
1799,Estevan Carrizales
1802,Rey Cal
1804,Sharon Athey
1809,Kody Kistler
1814,Kerstien Lehman
1820,Jason Picchiottino
1824,Kiera Wolford
1831,Richard Wilson
1836,Kimmer Marie
1842,Phyllis Santillan
1856,Chris Gefferie
1861,Savannah Strine
1863,Mark Ragsdale
1865,Jalissa Wood
1868,Ray Toohey
1871,Pedro Dos Santos
1872,Leah McKenzie-Gentry
1877,Becky Collins
1879,Amber Love
1880,Jon Flores
1885,Josh Pietro
1891,Benny Jr Cammarata
1899,Ashowna White
1903,Michelle Reed
1906,Lexy Rodriguez
1908,Harley Brinkley
1912,Rich Blackburn
1923,Kelly Weaver
1929,Joe Tucker
1933,Taylor Finegan
1937,Carl Leblanc
1946,Jameica Wright
1954,Hailey Rowe
1959,Susannah Olsen
1967,Chris Bowman
1972,Phil Garber
1977,Kirmora Dobbs
1981,Tammy Schreckengost
1987,Matthew Dregseth
1991,Noemi Sinchi
1998,Earma Belcher
2001,Caroline Adams
2008,Lori Ward
2012,Kaelei Whitlatch
2019,Josie Smith
2024,Lillie Lovell
2029,Alan Galusha
2036,Darrion Sims
2041,Julian Martinez
2048,Andrew Ridenour
2052,Autumn Hildebrandt
2061,Loren Crichfield
2067,Leo Martinez
2073,Jasmin Klepperich
2077,Mary Marlow
2085,Ann Staats
2090,Nuria Paz
2093,Ensley Smith
2098,Shania Barton
2103,Walter Neldon
2108,Bobby Davis
2116,Zorivette Rivera
2120,Kelsey Lamothe
2125,Jordan Lanier
2133,Dylan Floyd
2134,Drew Hannigan
2142,Bethany Ramirez
2143,Yolanda Coronel
2149,Jaliahthuglifehicks Smileyface
2155,Swan Lake
2161,Mindy Capitol
2171,Rochelle Wacker
2172,Janey Marszalkowski
2178,Athena Anderson
2183,Kelly Mcclenathan
2188,Kyleigh Starnes
2189,Brenda Gamboa Guardado
2196,Isaibella Isaacson
2199,Caitlin Kelly
2204,Barb Lance
2213,Ruth Luchsinger
2218,Calvin Moore
2219,Katherine Santucci
2420,Drew Morris
2418,Charlie Townsend
2417,Russell Ingram
2694,Tricia Whitlock
2437,Rocky Escobedo
2444,Meghan Szmurlo
259,Don Schick
2695,Poopfish
2447,Anthony Ware
2696,Sheila
2421,Apple Tester
1806,David Knight
2716,Odd Whale
2714,Pauly
3,Jared Trotter
2697,Trinity Holden
2686,jaredtrotter
2699,Renato Boavida
2698,Veenod
2706,Jason Offutt
2707,Nifty Otter
2708,Plain Urchin
2700,Becca Griesemer
2701,""
2702,Cheif Otter
2709,Royal Fish
2669,Phil Crisp
2719,Sherri Mabrey
2704,Melissa Trybom
2710,KD
2711,Massive Crab
2712,""
2692,Fuzzy Turtle
2715,Samuel Green
2713,kronn
2722,Dishank
2721,Zippy Whale
2717,Mario
2718,Jules
2720,Byron Marston
2723,Sammawamma
2724,Kind Orca
2446,James Boyle
2664,Matthew DeLuca
2703,Jared
2705,Vincent Narbot
2448,Connie Yates
2725, 悦悦
2726,Icy Squid
2729,Earthy Mussel
2730,Eager Coral
2740,Chipster
2732,Smah
2754,Shan Shan Huang
2741,Lauren Trotter
2743,Sweet Oyster
2753,nikolaos vasiloglou
2744,Cool App
2733,Stephen Fleming
2748,A7laa_zeze-777@‪hotmail.com‪
2749,Brainy Mussel
2735,Jennifer Leetz
2756,Versed Coral
2736,Russell Ingram
2755,Ravi
2739,Colin Ake
2738,Nick Brown
2757,Brandyann
2760,Massive Urchin
2752,Nikolaos Vasiloglou II
2762,Chris Moore
2750,Tom McAllister
2449,Mackenzie Meyers
2691,Christopher Cook
2746,Mikelle Ross
2727,Jeka Gaidarji
2728,Melaine Appleton
2450,Eddie Goodwin
1566,Scott Rickard
2761,Kajai Vang
2731,Nathan Burnham
2747,Katherine Michele Leon
2734,Bribri Dnt Care
2737,Sabrina Sovocool
2758,Aaron S. Myers
2742,Virginia Russell
2745,Kevin Pearsall
2767,Spicy_loke
2776,Shy Urchin
2763,Andrew Amontree
2759,Sara Danelle
2766,Kev Mass
2769,Unknown
2768,Anna LeBer
2771,Useful Shark
2773,Brandie Lorenzen
2774,Susan Smith Martinez
2780,Cute Turtle
2781,Able Shark
2687,Christy McAllister
2451,Lesli Boucher
2452,Jean Villicana
2764,Marsh Kelley
2770,Donald Finkbeiner
2772,Jene't Gonzales
2775,Nick Smith
2777,Tamara Smothers
2453,Rochelle Williams
381,Prajwal Muddi
1924,Joel Holder
2765,Larry Walton
2779,Jim Wetekamp
2782,August McAllister
2778,Sara Reitz
2783,Nutty Ray
2788,Foamy Sponge
2751,Rosan Biswa
2455,Judy Gordo
2456,Madison Alexander
2784,Hunter Ingerson
2800,Kathy Beckett
2795,Timothy Parker
2796,""
2790,David Holmes
2787,Natasha Sweet
2791,Jay Langa
2789,Amanda Lohr
2792,Jay Langa
2803,Travon Cameron
2797,Jenny Richardson
2794,Matt Thompson
2804,Diane LaRock
2801,Joyous Orca
2798,Eric Cook
2802,Phoenix Niccum
2799,Ugochukwu Ezeamuzie
2341,Salim Ibrahim
2793,Baylee Waterbury
2805,Lisa Myers
2457,Haha Haha
2150,Yvonne Haley
2785,Paul Bryan
2464,Marisa Manatu
2465,Alayna Leach
2466,Isaac Morin
2786,Karen Charles
2467,Gregory Warren
2468,Andre Alvarez
2469,Mara Horgan
1597,Tyrone Hill
2470,Tita Dejesus
2471,Kristine Engel
2472,Debbie Dresdow Thornsen Penfield
2473,Brandon Shuman
2475,Chrissy Hicks-Morgan
2474,Martha Lusk
2476,Makayla Rust
2477,Vicky Gauvin
2478,Leonard Crawn
2479,Renee Romano
2480,Amy Smith
1612,Mike Doe
2481,Rashawn Davis
1315,Andy Garcia
2482,Ana Teal
2483,Maria de los Angeles Gomez
2484,Anna Massari
2049,Maria French
2485,Justin Pitsenbarger
2487,Kyana Newman
2488,Marcy Gilliam
2489,Sherry Gulbrandsen
2490,Gloglo Boylan
2491,Dakotah Blanchette
2492,Hope Floats
2493,Jessica Brackett
2494,Deoidre Lewis
2495,Ashley Kennedy
2496,Jerry Mealey
2497,Chuck Reuber
2498,Ann Detore
2499,Megan Prell
2500,Bowen Gade
2501,Martin Zavala
2502,Julie Taylor
2541,Odd Coral
2542,Boopity
2529,Jared
2530,J Trotter
2543,Plain Crab
2531,J
2544,Useful Marlin
2534,Test
2535,Drewry
1,""
2536,Test
2537,Huge Oyster
2538,Test
2539,Test
2540,Famous Squid
2532,Dan Grieder
2533,Shiela Mercer
2545,John Paschall
2547,Dee Knutsen
2550,Michelle Watkeys
2559,J Trotter
2560,Quiet Crab
2561,J Trotter
2565,J Trotter
2566,Lush Coral
2567,Famous Shark
2569,Bent Squid
2525,Kristen Stewart
2575,Lush Seal
2604,Sparse Coral
2606,J Trotter
2570,Raul Bautista
2571,Teresa Arriaga
2572,Rafaela Pereira
2573,Karla Sica
2366,Laura Armstrong
2574,Vincenza Sciuto
191,Jesse Morneau
2581,Heather Sovie
2,Michael Mealling
2576,Manuela Perez
2577,Katy Mattison
2579,Samuel Adamson
2580,Brenda Finley
2582,Gloria Beckwith
2583,Frances Rizzo
2585,Margaret Hendrix
2586,Holly Aucoin
2587,Peggy Rajacich
2588,Jeffery Bess
1692,Cindy Sears
2589,Lauren Sek
2590,Caylin Bobbitt
2591,Brieona Johnson
2592,Rosa Martinez
384,Ani Schnelle
2594,Hedy Davis
2595,Baptiste Chalette
2597,Monet Vigil
2598,Krishan Arya
2601,Amari Hester
2600,Catie Hoffman
2599,Eileen Soberanis
2615,Yessica Beltran
2616,Violet Phillips
2617,Angelica Kutyba
2618,Cameron Luck
2635,Rhyzal Skanpit
2636,Margie Reisenbichler
2637,Rose Ann DuBois-Butler
2638,Greg Maul
2640,Corwin Grey
2641,Marian Bellville
2639,Sandra Smart
2642,Lucnda Moore
2643,Fwad Sind
2644,Chad Wright
2645,Tyler Fullum
1540,Kalena Wood
2646,Ivonne Alvarez
2647,Lamar Delbridge
2648,Luis Venegas
2649,Devin Smith
2650,Renee RB Baccetti
2651,Margret Russell
2652,Zarni Htet
2653,Tileak Spears
700,Brett Cargal
2654,Scott Daniels
2655,Jenna Perez
2656,Bijal Nagrashna
2657,Cheyanne Roberts
